576	248	1
508	465	1
660	470	1
58	631	1
494	624	1
203	78	1
631	488	1
389	19	1
248	345	1
781	103	1
232	68	1
694	806	1
515	688	1
147	33	1
241	142	1
479	7	1
23	804	1
480	790	1
523	394	1
275	301	1
766	195	1
6	431	1
127	293	1
295	702	1
240	604	1
631	270	1
6	98	1
136	722	1
502	267	1
674	472	1
167	19	1
90	683	1
162	763	1
790	772	1
679	148	1
788	15	1
115	777	1
115	380	1
553	689	1
570	170	1
602	580	1
469	547	1
751	518	1
735	141	1
518	685	1
624	669	1
250	444	1
674	186	1
583	276	1
362	168	1
768	187	1
312	103	1
593	426	1
96	654	1
170	141	1
426	19	1
108	790	1
488	147	1
33	147	1
198	567	1
416	714	1
236	75	1
623	681	1
112	121	1
510	516	1
701	15	1
666	19	1
265	488	1
335	305	1
84	684	1
506	404	1
198	582	1
523	578	1
255	78	1
480	516	1
113	222	1
631	180	1
188	578	1
136	19	1
567	198	1
270	486	1
254	199	1
473	681	1
607	266	1
367	428	1
612	266	1
43	426	1
510	434	1
617	148	1
319	265	1
216	603	1
695	617	1
446	10	1
738	643	1
775	465	1
10	631	1
176	213	1
139	658	1
157	303	1
747	12	1
65	176	1
19	540	1
213	176	1
495	441	1
578	392	1
409	440	1
142	241	1
262	575	1
193	273	1
780	627	1
489	752	1
570	612	1
701	462	1
224	62	1
394	690	1
578	59	1
254	473	1
265	167	1
23	404	1
752	805	1
591	2	1
278	5	1
474	143	1
778	495	1
416	164	1
714	119	1
805	570	1
806	465	1
593	495	1
75	236	1
775	643	1
487	262	1
273	193	1
147	494	1
256	50	1
573	385	1
443	753	1
578	387	1
300	235	1
631	660	1
237	802	1
490	137	1
642	26	1
695	772	1
19	658	1
434	702	1
683	196	1
593	777	1
244	440	1
49	190	1
451	683	1
178	465	1
253	523	1
15	340	1
738	255	1
329	560	1
113	790	1
294	301	1
404	168	1
382	735	1
318	530	1
654	118	1
802	496	1
733	664	1
147	752	1
631	535	1
190	694	1
121	653	1
487	405	1
346	777	1
198	263	1
37	243	1
459	76	1
683	627	1
199	254	1
631	429	1
10	497	1
654	709	1
305	533	1
577	286	1
570	61	1
398	594	1
612	237	1
98	416	1
759	78	1
338	806	1
62	735	1
730	775	1
491	147	1
624	250	1
113	338	1
366	523	1
480	224	1
578	188	1
119	273	1
266	615	1
653	121	1
750	425	1
338	434	1
253	213	1
518	115	1
275	121	1
295	752	1
777	348	1
725	753	1
374	394	1
715	148	1
126	571	1
713	781	1
255	582	1
806	338	1
664	733	1
511	103	1
148	35	1
525	113	1
709	768	1
136	778	1
311	255	1
6	624	1
213	446	1
658	806	1
805	213	1
717	435	1
113	250	1
463	113	1
139	615	1
746	389	1
602	398	1
768	698	1
108	443	1
199	603	1
75	2	1
439	488	1
498	250	1
25	762	1
741	174	1
654	462	1
526	143	1
359	145	1
658	127	1
52	320	1
73	691	1
735	714	1
187	573	1
634	142	1
335	216	1
66	9	1
712	641	1
250	576	1
766	233	1
108	652	1
695	738	1
93	577	1
631	224	1
462	654	1
108	245	1
469	45	1
713	588	1
305	119	1
115	700	1
332	203	1
170	394	1
153	466	1
301	367	1
548	806	1
666	681	1
148	679	1
630	299	1
631	475	1
6	785	1
540	725	1
527	694	1
570	801	1
785	725	1
795	234	1
460	582	1
15	788	1
624	735	1
213	778	1
307	790	1
126	254	1
805	118	1
55	749	1
313	425	1
262	195	1
465	619	1
122	795	1
193	802	1
75	419	1
93	768	1
612	154	1
443	305	1
281	142	1
197	32	1
249	404	1
763	581	1
637	142	1
696	672	1
14	631	1
698	652	1
805	168	1
700	82	1
683	490	1
153	785	1
603	167	1
267	643	1
783	801	1
346	267	1
663	412	1
658	725	1
19	473	1
385	361	1
383	10	1
795	136	1
523	15	1
7	701	1
206	473	1
250	153	1
565	115	1
142	273	1
554	353	1
402	121	1
547	5	1
578	203	1
387	426	1
577	571	1
192	685	1
637	747	1
486	153	1
180	134	1
273	311	1
19	256	1
496	243	1
439	781	1
142	631	1
353	1	1
631	722	1
120	756	1
10	383	1
619	679	1
540	624	1
14	5	1
15	441	1
436	98	1
176	612	1
275	36	1
149	36	1
497	84	1
6	702	1
761	570	1
742	578	1
195	198	1
785	301	1
752	147	1
554	348	1
720	108	1
518	435	1
793	157	1
62	312	1
465	806	1
449	599	1
374	603	1
766	329	1
255	634	1
576	683	1
352	256	1
518	775	1
530	683	1
714	804	1
286	718	1
195	262	1
256	352	1
441	497	1
367	802	1
243	496	1
136	608	1
193	518	1
139	387	1
674	138	1
642	684	1
790	701	1
739	624	1
739	7	1
761	451	1
262	487	1
428	168	1
251	631	1
103	494	1
766	186	1
416	213	1
396	267	1
398	421	1
695	593	1
638	55	1
718	57	1
746	206	1
213	805	1
200	294	1
677	275	1
718	503	1
385	404	1
332	14	1
206	139	1
333	513	1
629	588	1
708	134	1
684	163	1
105	674	1
15	213	1
806	121	1
19	270	1
353	19	1
40	147	1
728	396	1
691	256	1
249	654	1
473	213	1
430	578	1
777	119	1
12	747	1
652	250	1
525	68	1
642	416	1
54	233	1
607	472	1
330	436	1
439	122	1
510	469	1
262	623	1
781	725	1
619	6	1
711	404	1
470	660	1
36	230	1
554	465	1
441	402	1
717	426	1
683	578	1
192	690	1
321	495	1
409	255	1
710	153	1
470	200	1
756	120	1
663	13	1
353	20	1
758	638	1
134	708	1
545	312	1
781	439	1
301	738	1
531	176	1
418	21	1
607	432	1
578	237	1
523	353	1
103	81	1
506	263	1
486	492	1
642	768	1
147	446	1
630	185	1
631	293	1
78	607	1
320	52	1
176	777	1
725	658	1
488	523	1
113	487	1
14	199	1
121	7	1
54	480	1
753	802	1
170	787	1
256	523	1
573	23	1
240	167	1
243	342	1
766	568	1
180	301	1
624	486	1
310	119	1
185	81	1
276	451	1
352	185	1
190	194	1
101	338	1
658	301	1
711	612	1
396	479	1
578	742	1
720	185	1
591	718	1
394	374	1
540	486	1
745	652	1
710	489	1
571	366	1
677	240	1
753	263	1
348	554	1
275	762	1
301	419	1
663	488	1
480	7	1
777	23	1
580	602	1
311	273	1
480	240	1
762	25	1
568	236	1
362	544	1
163	593	1
719	49	1
422	147	1
98	573	1
320	768	1
559	402	1
263	506	1
746	330	1
547	224	1
582	732	1
362	301	1
264	348	1
805	338	1
440	409	1
185	578	1
573	588	1
224	560	1
49	301	1
788	256	1
16	50	1
752	295	1
510	385	1
295	800	1
404	118	1
243	637	1
777	322	1
32	338	1
105	636	1
378	578	1
434	167	1
362	664	1
15	474	1
312	631	1
149	294	1
99	153	1
120	426	1
719	582	1
405	487	1
752	624	1
236	494	1
36	275	1
718	798	1
386	510	1
82	81	1
301	294	1
637	199	1
566	200	1
630	663	1
383	565	1
169	550	1
195	766	1
631	644	1
465	488	1
121	643	1
121	638	1
122	372	1
802	466	1
487	396	1
250	115	1
662	612	1
169	10	1
777	176	1
154	612	1
200	470	1
340	658	1
604	236	1
198	143	1
510	70	1
699	768	1
148	122	1
573	709	1
684	84	1
78	255	1
481	409	1
82	185	1
101	778	1
302	153	1
250	643	1
254	540	1
185	576	1
348	20	1
115	374	1
405	75	1
795	488	1
329	711	1
624	540	1
690	267	1
637	197	1
571	577	1
566	301	1
777	661	1
481	688	1
321	530	1
486	313	1
338	294	1
255	185	1
122	523	1
738	654	1
615	582	1
134	494	1
465	114	1
654	10	1
305	457	1
42	250	1
489	301	1
664	763	1
113	75	1
735	624	1
763	19	1
479	593	1
465	312	1
725	255	1
800	295	1
631	251	1
198	588	1
16	659	1
473	660	1
153	40	1
739	677	1
701	790	1
780	379	1
603	623	1
641	334	1
143	191	1
606	61	1
617	409	1
402	775	1
352	272	1
425	446	1
717	192	1
547	465	1
547	699	1
513	180	1
36	487	1
496	394	1
187	439	1
431	62	1
486	126	1
15	683	1
660	316	1
457	305	1
582	460	1
6	295	1
465	305	1
264	495	1
232	153	1
136	250	1
624	592	1
343	255	1
199	154	1
309	59	1
37	134	1
147	775	1
494	121	1
494	434	1
251	262	1
426	249	1
617	695	1
301	273	1
166	685	1
330	746	1
20	772	1
385	560	1
518	677	1
758	318	1
68	435	1
749	473	1
163	683	1
718	198	1
630	691	1
560	224	1
54	322	1
319	153	1
266	23	1
360	326	1
270	631	1
806	302	1
147	488	1
402	32	1
203	266	1
332	788	1
479	583	1
777	52	1
510	540	1
446	425	1
195	20	1
768	108	1
362	527	1
225	362	1
530	147	1
695	313	1
777	346	1
473	267	1
473	254	1
142	245	1
93	232	1
121	265	1
439	412	1
245	735	1
473	367	1
6	383	1
302	806	1
211	664	1
195	255	1
658	19	1
783	711	1
627	224	1
352	725	1
311	198	1
425	313	1
540	19	1
342	243	1
617	301	1
428	367	1
503	607	1
604	240	1
788	511	1
495	778	1
295	153	1
426	783	1
775	147	1
523	122	1
431	465	1
13	62	1
783	115	1
154	466	1
805	637	1
627	62	1
332	725	1
684	642	1
335	439	1
319	425	1
232	577	1
709	50	1
103	781	1
469	573	1
272	23	1
332	241	1
631	58	1
250	19	1
547	27	1
767	2	1
750	630	1
435	626	1
592	624	1
663	362	1
439	10	1
21	603	1
6	619	1
652	185	1
570	197	1
168	805	1
428	790	1
603	199	1
473	46	1
113	119	1
312	545	1
439	187	1
225	267	1
192	578	1
462	701	1
768	86	1
76	9	1
19	666	1
496	802	1
37	440	1
540	255	1
301	658	1
806	58	1
685	660	1
444	689	1
266	612	1
730	480	1
396	487	1
568	560	1
308	65	1
492	486	1
185	652	1
772	13	1
166	555	1
776	200	1
409	481	1
516	510	1
340	15	1
785	465	1
643	677	1
527	439	1
439	176	1
426	753	1
465	224	1
681	607	1
153	302	1
768	699	1
216	335	1
643	267	1
472	302	1
18	61	1
398	602	1
593	695	1
631	710	1
465	430	1
12	309	1
396	15	1
108	436	1
127	488	1
805	752	1
2	767	1
426	531	1
13	700	1
196	185	1
312	470	1
683	12	1
578	378	1
338	576	1
434	494	1
653	194	1
652	459	1
513	717	1
695	310	1
702	630	1
244	688	1
486	236	1
75	429	1
55	516	1
683	359	1
39	718	1
491	510	1
101	267	1
265	194	1
691	295	1
213	55	1
52	318	1
15	426	1
143	348	1
256	267	1
20	348	1
170	193	1
353	554	1
495	264	1
301	511	1
338	778	1
486	624	1
303	26	1
587	314	1
236	15	1
245	108	1
147	83	1
20	451	1
21	630	1
617	735	1
265	444	1
161	200	1
126	255	1
15	266	1
754	607	1
774	519	1
459	114	1
426	739	1
46	329	1
256	743	1
120	489	1
451	761	1
126	437	1
329	578	1
36	338	1
19	250	1
330	138	1
439	738	1
685	59	1
479	396	1
300	530	1
267	565	1
254	679	1
681	473	1
555	166	1
115	565	1
685	385	1
78	465	1
759	197	1
49	62	1
394	103	1
547	55	1
50	709	1
113	469	1
781	695	1
651	398	1
506	695	1
429	84	1
654	567	1
489	249	1
683	335	1
250	148	1
143	396	1
607	166	1
627	681	1
82	709	1
15	267	1
396	728	1
510	272	1
441	495	1
99	666	1
623	286	1
777	634	1
245	567	1
732	113	1
421	96	1
329	468	1
255	233	1
440	561	1
241	253	1
593	643	1
115	113	1
775	402	1
136	436	1
7	548	1
788	332	1
583	479	1
362	225	1
340	273	1
457	710	1
62	385	1
82	446	1
301	2	1
710	285	1
333	465	1
416	409	1
142	281	1
473	19	1
396	543	1
603	702	1
313	7	1
59	333	1
43	154	1
82	700	1
265	319	1
267	15	1
630	604	1
489	710	1
626	769	1
511	235	1
497	262	1
425	33	1
536	435	1
286	567	1
486	352	1
783	641	1
805	270	1
18	637	1
240	224	1
256	167	1
352	479	1
81	186	1
99	167	1
194	42	1
394	105	1
674	250	1
285	710	1
677	196	1
446	213	1
366	805	1
115	783	1
6	577	1
576	267	1
634	777	1
335	32	1
802	237	1
142	634	1
215	591	1
127	564	1
435	717	1
717	777	1
115	746	1
321	643	1
270	19	1
612	327	1
612	176	1
681	338	1
62	746	1
746	481	1
430	142	1
489	5	1
753	443	1
145	750	1
363	203	1
591	763	1
685	348	1
5	778	1
689	444	1
46	588	1
617	486	1
323	567	1
711	518	1
778	586	1
180	513	1
604	630	1
436	683	1
236	568	1
679	103	1
148	103	1
663	469	1
683	564	1
777	593	1
619	255	1
154	199	1
160	573	1
142	637	1
750	662	1
255	619	1
54	153	1
674	126	1
683	299	1
405	54	1
250	735	1
108	383	1
550	311	1
267	502	1
582	615	1
224	547	1
206	759	1
134	709	1
691	255	1
451	185	1
363	331	1
18	473	1
570	267	1
634	153	1
148	255	1
554	21	1
759	169	1
47	550	1
267	340	1
527	658	1
362	663	1
222	99	1
457	275	1
717	170	1
33	457	1
245	142	1
371	470	1
266	465	1
250	186	1
801	570	1
378	404	1
788	446	1
662	741	1
383	689	1
224	465	1
224	6	1
352	486	1
301	785	1
338	425	1
103	310	1
451	273	1
415	319	1
711	783	1
660	685	1
567	116	1
55	638	1
496	16	1
295	480	1
593	540	1
426	593	1
465	554	1
725	385	1
138	301	1
672	696	1
547	75	1
674	577	1
294	432	1
475	36	1
332	619	1
757	75	1
121	494	1
265	121	1
32	348	1
412	677	1
802	304	1
768	320	1
54	695	1
203	805	1
147	560	1
708	465	1
714	571	1
82	196	1
745	87	1
473	747	1
126	624	1
127	153	1
385	510	1
472	267	1
260	75	1
488	265	1
361	577	1
489	111	1
55	631	1
465	547	1
139	430	1
513	160	1
141	735	1
788	366	1
73	780	1
516	480	1
789	718	1
559	213	1
61	18	1
540	510	1
163	148	1
305	576	1
311	550	1
108	582	1
108	19	1
733	459	1
516	631	1
439	527	1
5	96	1
725	774	1
579	396	1
749	203	1
759	206	1
643	738	1
578	430	1
168	428	1
462	18	1
479	694	1
412	578	1
567	245	1
669	624	1
439	443	1
576	428	1
404	511	1
266	607	1
302	113	1
233	686	1
236	653	1
774	767	1
21	573	1
777	115	1
567	323	1
260	477	1
566	491	1
714	416	1
785	147	1
754	75	1
241	465	1
319	236	1
795	122	1
249	426	1
62	431	1
378	768	1
52	20	1
659	36	1
236	486	1
788	75	1
554	783	1
114	176	1
26	747	1
443	267	1
265	757	1
265	178	1
141	82	1
582	719	1
732	582	1
698	783	1
398	651	1
275	489	1
439	432	1
576	250	1
23	266	1
354	626	1
498	623	1
119	310	1
746	115	1
431	746	1
527	577	1
36	309	1
385	295	1
224	777	1
689	465	1
428	712	1
213	302	1
451	495	1
13	332	1
362	651	1
75	261	1
689	291	1
772	695	1
778	153	1
318	235	1
301	540	1
511	301	1
472	674	1
654	335	1
754	213	1
718	21	1
81	434	1
320	790	1
759	426	1
249	491	1
138	139	1
301	685	1
624	126	1
695	54	1
698	323	1
256	338	1
55	578	1
114	711	1
153	800	1
359	683	1
233	664	1
568	480	1
593	489	1
147	40	1
717	513	1
446	498	1
540	593	1
488	439	1
103	109	1
577	361	1
421	326	1
434	81	1
623	683	1
771	338	1
720	480	1
57	718	1
560	434	1
150	747	1
725	785	1
725	332	1
429	405	1
322	241	1
583	233	1
714	735	1
567	286	1
530	321	1
368	415	1
479	491	1
565	267	1
462	728	1
428	83	1
466	154	1
746	431	1
50	16	1
52	348	1
236	319	1
250	169	1
695	506	1
511	788	1
204	439	1
702	434	1
559	142	1
523	301	1
122	536	1
13	663	1
766	96	1
624	196	1
255	275	1
440	37	1
518	480	1
578	192	1
45	359	1
176	154	1
250	113	1
802	367	1
495	593	1
147	491	1
113	68	1
275	213	1
702	603	1
404	506	1
18	462	1
235	412	1
299	683	1
122	439	1
250	224	1
415	368	1
806	757	1
338	36	1
437	126	1
55	547	1
630	7	1
720	631	1
638	740	1
796	113	1
775	790	1
624	679	1
126	486	1
582	195	1
694	59	1
790	642	1
2	787	1
591	215	1
23	273	1
578	168	1
7	6	1
75	805	1
122	547	1
302	472	1
506	777	1
15	523	1
127	333	1
54	405	1
607	386	1
293	59	1
224	233	1
684	426	1
615	322	1
800	796	1
432	294	1
490	683	1
338	788	1
113	554	1
420	335	1
666	99	1
575	111	1
99	446	1
62	54	1
706	695	1
335	683	1
643	270	1
654	143	1
33	489	1
752	404	1
700	32	1
643	711	1
255	126	1
93	335	1
274	555	1
42	194	1
759	115	1
778	5	1
75	150	1
194	265	1
68	232	1
18	398	1
418	404	1
735	250	1
510	790	1
771	32	1
348	264	1
498	198	1
262	781	1
768	709	1
216	555	1
465	431	1
470	96	1
326	421	1
54	62	1
771	578	1
685	301	1
261	75	1
725	758	1
318	52	1
323	756	1
396	376	1
470	467	1
199	636	1
127	790	1
240	480	1
679	624	1
352	735	1
426	759	1
777	37	1
651	498	1
262	754	1
489	33	1
35	25	1
36	294	1
607	681	1
486	15	1
224	627	1
118	805	1
46	198	1
709	654	1
50	61	1
434	275	1
568	578	1
273	588	1
787	679	1
588	573	1
348	359	1
646	698	1
313	630	1
443	547	1
338	695	1
338	256	1
763	250	1
749	451	1
491	479	1
607	37	1
75	156	1
75	547	1
774	725	1
295	313	1
153	634	1
778	213	1
101	250	1
709	416	1
359	348	1
153	775	1
1	353	1
790	510	1
641	406	1
96	470	1
540	145	1
488	99	1
725	352	1
101	75	1
710	321	1
362	170	1
396	185	1
472	250	1
113	739	1
615	139	1
176	531	1
619	332	1
233	153	1
752	273	1
199	14	1
457	14	1
221	61	1
685	513	1
153	722	1
631	630	1
654	738	1
266	185	1
105	426	1
428	722	1
489	432	1
465	19	1
255	311	1
203	718	1
6	387	1
683	15	1
115	10	1
498	446	1
795	188	1
465	644	1
2	295	1
402	441	1
213	783	1
32	335	1
604	523	1
805	75	1
40	630	1
148	511	1
738	491	1
576	498	1
387	629	1
634	255	1
725	164	1
763	465	1
301	626	1
506	516	1
195	582	1
270	451	1
768	446	1
185	630	1
555	275	1
186	153	1
630	446	1
224	513	1
578	592	1
743	256	1
637	243	1
213	54	1
400	66	1
310	148	1
367	459	1
105	559	1
777	305	1
338	681	1
725	75	1
193	170	1
486	625	1
195	273	1
434	148	1
343	434	1
498	126	1
756	409	1
265	436	1
630	164	1
762	535	1
523	479	1
681	623	1
32	402	1
802	193	1
577	136	1
469	510	1
695	270	1
329	267	1
535	250	1
367	612	1
578	568	1
6	49	1
45	469	1
255	695	1
127	658	1
711	643	1
169	725	1
115	250	1
426	627	1
409	249	1
428	37	1
232	446	1
624	752	1
432	629	1
785	153	1
783	690	1
346	426	1
436	101	1
533	305	1
683	492	1
739	250	1
387	142	1
326	360	1
667	704	1
429	631	1
680	631	1
255	338	1
105	404	1
113	437	1
513	685	1
644	465	1
619	465	1
312	591	1
630	750	1
738	695	1
761	416	1
565	383	1
372	489	1
250	167	1
52	495	1
162	718	1
664	233	1
275	255	1
738	806	1
540	254	1
348	50	1
564	578	1
10	506	1
624	55	1
805	206	1
254	604	1
573	98	1
222	677	1
153	418	1
429	735	1
301	757	1
26	660	1
103	378	1
436	108	1
457	33	1
367	473	1
332	13	1
806	774	1
658	340	1
547	489	1
696	333	1
76	637	1
96	421	1
702	210	1
480	674	1
597	472	1
465	178	1
653	236	1
394	523	1
489	225	1
52	35	1
473	18	1
203	578	1
313	6	1
26	642	1
194	771	1
746	340	1
465	333	1
768	745	1
804	255	1
588	713	1
475	790	1
630	387	1
575	262	1
206	746	1
338	771	1
690	783	1
312	597	1
783	213	1
777	15	1
754	262	1
81	185	1
14	578	1
301	489	1
51	11	1
142	374	1
550	83	1
113	523	1
294	200	1
439	554	1
771	236	1
233	348	1
5	278	1
76	459	1
757	806	1
439	603	1
443	802	1
59	685	1
224	309	1
178	13	1
241	714	1
21	695	1
299	250	1
790	480	1
788	338	1
21	109	1
114	513	1
457	49	1
722	631	1
443	439	1
252	13	1
762	302	1
428	750	1
656	255	1
108	471	1
36	708	1
592	578	1
240	119	1
73	176	1
421	398	1
439	547	1
689	694	1
58	265	1
333	233	1
652	698	1
305	685	1
434	510	1
469	402	1
652	14	1
185	554	1
790	404	1
43	139	1
195	630	1
688	244	1
103	312	1
170	469	1
664	211	1
567	233	1
470	371	1
790	722	1
148	265	1
167	735	1
41	735	1
115	738	1
588	273	1
725	588	1
65	43	1
84	497	1
176	114	1
305	338	1
489	13	1
570	660	1
250	472	1
313	677	1
795	690	1
301	147	1
249	295	1
781	262	1
430	332	1
758	98	1
73	607	1
75	754	1
258	398	1
775	759	1
62	102	1
300	348	1
429	439	1
285	466	1
602	660	1
416	84	1
659	16	1
643	759	1
495	262	1
573	21	1
121	402	1
561	440	1
523	577	1
49	790	1
263	511	1
768	766	1
677	412	1
294	275	1
167	99	1
187	250	1
759	709	1
425	750	1
465	508	1
302	435	1
13	772	1
711	173	1
749	506	1
480	658	1
516	506	1
21	554	1
540	480	1
725	710	1
725	113	1
763	162	1
20	195	1
431	250	1
198	718	1
398	258	1
185	715	1
203	363	1
313	295	1
224	631	1
683	284	1
10	115	1
348	143	1
196	624	1
641	712	1
142	506	1
75	494	1
684	682	1
149	396	1
480	392	1
303	157	1
230	36	1
367	36	1
32	141	1
256	691	1
166	607	1
576	338	1
523	256	1
321	518	1
378	36	1
14	494	1
295	249	1
308	146	1
143	654	1
87	745	1
518	5	1
332	40	1
170	805	1
440	256	1
763	187	1
250	535	1
486	412	1
142	338	1
435	196	1
612	570	1
82	270	1
323	698	1
766	402	1
694	479	1
416	98	1
76	802	1
790	441	1
367	301	1
630	631	1
615	684	1
136	694	1
15	462	1
249	19	1
273	63	1
204	262	1
252	725	1
170	759	1
389	735	1
717	114	1
790	296	1
186	81	1
630	573	1
150	75	1
446	806	1
250	431	1
338	305	1
434	790	1
735	41	1
250	739	1
578	267	1
232	286	1
747	26	1
710	631	1
513	41	1
368	148	1
143	73	1
113	525	1
560	492	1
250	498	1
352	573	1
5	547	1
136	153	1
49	6	1
196	435	1
108	768	1
111	361	1
19	196	1
35	194	1
168	404	1
576	305	1
119	384	1
319	439	1
599	449	1
126	498	1
36	513	1
163	654	1
607	732	1
114	717	1
466	153	1
119	714	1
119	305	1
394	486	1
433	254	1
470	622	1
435	536	1
533	361	1
683	52	1
573	717	1
188	685	1
154	176	1
300	439	1
480	115	1
103	148	1
233	224	1
788	492	1
75	260	1
383	711	1
477	286	1
263	561	1
338	113	1
75	405	1
577	82	1
222	153	1
683	530	1
84	429	1
301	225	1
213	15	1
250	763	1
714	241	1
494	236	1
198	303	1
385	14	1
13	252	1
425	119	1
426	143	1
82	13	1
50	348	1
379	638	1
273	752	1
630	702	1
115	40	1
436	136	1
35	148	1
457	311	1
185	333	1
577	6	1
560	122	1
262	429	1
796	800	1
236	241	1
806	446	1
738	15	1
383	6	1
738	115	1
187	763	1
780	185	1
160	396	1
487	36	1
14	652	1
255	653	1
700	13	1
50	273	1
330	225	1
59	293	1
167	240	1
406	641	1
353	523	1
652	745	1
248	362	1
267	167	1
626	354	1
75	575	1
684	615	1
353	270	1
560	311	1
318	758	1
301	49	1
412	235	1
691	73	1
730	75	1
434	658	1
492	266	1
366	681	1
185	163	1
59	694	1
704	641	1
372	122	1
62	577	1
46	511	1
653	301	1
412	75	1
654	766	1
566	59	1
806	746	1
753	766	1
735	367	1
93	800	1
169	759	1
738	439	1
404	362	1
631	142	1
148	540	1
634	75	1
59	566	1
46	366	1
285	45	1
46	577	1
746	806	1
23	272	1
722	428	1
233	54	1
378	434	1
698	607	1
374	142	1
425	319	1
170	768	1
780	73	1
802	753	1
139	43	1
806	658	1
662	568	1
275	294	1
735	617	1
296	97	1
495	451	1
43	322	1
623	262	1
466	250	1
674	480	1
503	718	1
689	35	1
508	385	1
170	661	1
25	121	1
256	137	1
612	340	1
115	340	1
281	183	1
446	236	1
319	573	1
270	805	1
749	643	1
236	141	1
255	691	1
491	738	1
510	322	1
352	295	1
320	119	1
426	120	1
489	536	1
169	631	1
113	593	1
612	637	1
224	250	1
119	75	1
715	185	1
330	81	1
230	582	1
763	664	1
412	663	1
147	530	1
435	302	1
698	2	1
580	704	1
664	142	1
185	352	1
332	772	1
250	187	1
404	418	1
62	627	1
301	180	1
183	281	1
105	134	1
441	170	1
235	432	1
654	139	1
436	343	1
473	73	1
718	789	1
766	396	1
338	805	1
233	746	1
656	153	1
270	353	1
695	21	1
473	206	1
496	89	1
631	13	1
498	651	1
25	35	1
190	757	1
273	451	1
185	658	1
573	319	1
7	313	1
688	481	1
800	153	1
250	139	1
583	311	1
486	540	1
203	236	1
147	619	1
167	265	1
649	26	1
82	141	1
389	746	1
428	494	1
394	170	1
305	170	1
396	711	1
262	694	1
163	619	1
7	479	1
266	352	1
15	431	1
518	50	1
480	250	1
631	10	1
709	263	1
711	114	1
185	82	1
343	436	1
570	805	1
402	550	1
516	441	1
224	255	1
233	766	1
262	497	1
83	641	1
465	78	1
746	233	1
480	10	1
322	615	1
307	457	1
642	115	1
255	224	1
113	732	1
206	805	1
738	523	1
199	465	1
561	805	1
689	383	1
431	582	1
730	222	1
396	766	1
492	560	1
555	274	1
518	751	1
757	301	1
685	192	1
332	430	1
746	62	1
775	730	1
196	19	1
570	256	1
714	10	1
348	777	1
148	222	1
42	498	1
759	643	1
506	749	1
10	654	1
749	224	1
230	301	1
250	42	1
378	103	1
232	93	1
108	631	1
550	47	1
36	126	1
19	469	1
185	266	1
709	582	1
20	353	1
654	249	1
730	54	1
749	250	1
200	308	1
769	626	1
113	725	1
681	752	1
497	441	1
170	570	1
10	480	1
335	654	1
243	37	1
86	768	1
439	319	1
142	75	1
197	142	1
695	446	1
37	170	1
37	741	1
739	758	1
387	578	1
121	25	1
105	266	1
694	265	1
200	776	1
398	303	1
255	343	1
570	753	1
241	250	1
115	567	1
313	695	1
153	790	1
486	617	1
639	573	1
275	730	1
267	255	1
593	577	1
631	322	1
119	547	1
267	443	1
416	73	1
804	98	1
236	604	1
627	683	1
536	735	1
630	195	1
481	472	1
210	702	1
196	498	1
179	346	1
35	52	1
465	763	1
491	566	1
607	305	1
486	75	1
694	513	1
783	426	1
725	491	1
113	463	1
802	443	1
768	642	1
783	698	1
167	788	1
293	127	1
630	312	1
385	725	1
633	498	1
227	503	1
121	147	1
160	690	1
642	790	1
75	372	1
115	480	1
577	93	1
153	136	1
409	54	1
409	617	1
429	75	1
619	320	1
548	7	1
767	157	1
145	540	1
295	691	1
52	689	1
518	321	1
594	398	1
578	523	1
119	425	1
46	627	1
139	250	1
13	82	1
82	577	1
273	301	1
681	627	1
518	143	1
439	775	1
295	2	1
681	666	1
266	203	1
446	768	1
603	21	1
491	725	1
535	631	1
629	387	1
186	607	1
480	715	1
682	113	1
45	285	1
547	39	1
267	690	1
35	689	1
527	494	1
203	749	1
2	7	1
530	318	1
40	136	1
61	570	1
404	711	1
465	555	1
397	757	1
329	746	1
418	224	1
679	254	1
348	52	1
314	587	1
612	662	1
780	348	1
301	138	1
249	681	1
434	343	1
253	241	1
806	199	1
735	167	1
607	754	1
295	492	1
465	385	1
283	134	1
353	465	1
431	6	1
495	685	1
153	295	1
153	233	1
10	674	1
332	141	1
772	20	1
432	746	1
567	433	1
143	547	1
746	725	1
560	540	1
200	161	1
190	49	1
101	15	1
798	688	1
322	578	1
141	457	1
752	19	1
273	142	1
631	516	1
256	440	1
386	607	1
559	663	1
265	148	1
250	480	1
186	766	1
260	547	1
436	690	1
434	378	1
582	431	1
431	15	1
768	663	1
508	469	1
240	677	1
167	250	1
25	319	1
777	506	1
465	576	1
333	696	1
653	762	1
527	362	1
747	637	1
68	525	1
416	683	1
535	762	1
75	757	1
756	453	1
720	725	1
153	99	1
10	73	1
690	394	1
301	566	1
233	333	1
115	630	1
752	486	1
790	428	1
352	664	1
267	311	1
788	197	1
525	145	1
451	732	1
33	425	1
487	10	1
696	12	1
199	75	1
255	62	1
293	631	1
244	781	1
498	576	1
766	654	1
73	163	1
185	780	1
711	396	1
777	752	1
480	720	1
577	806	1
672	223	1
266	570	1
582	108	1
32	771	1
138	674	1
380	294	1
459	747	1
312	62	1
735	518	1
224	725	1
23	479	1
650	465	1
465	775	1
523	488	1
9	565	1
46	473	1
194	446	1
582	255	1
180	631	1
658	273	1
340	506	1
143	491	1
309	36	1
245	435	1
510	460	1
385	508	1
169	37	1
225	330	1
336	398	1
311	457	1
690	203	1
746	329	1
432	108	1
767	774	1
566	618	1
625	486	1
42	696	1
367	766	1
684	255	1
299	630	1
571	739	1
50	518	1
768	170	1
236	203	1
753	570	1
700	730	1
679	790	1
446	6	1
759	775	1
153	252	1
176	683	1
449	451	1
766	213	1
658	527	1
492	295	1
664	752	1
286	577	1
573	352	1
630	142	1
772	479	1
409	416	1
222	730	1
669	578	1
691	82	1
330	352	1
469	113	1
641	704	1
346	179	1
788	78	1
75	486	1
768	378	1
366	571	1
426	702	1
6	7	1
689	553	1
138	330	1
255	804	1
746	432	1
103	126	1
348	685	1
75	119	1
510	753	1
494	527	1
767	215	1
474	15	1
715	435	1
311	560	1
511	263	1
405	732	1
304	802	1
747	473	1
119	332	1
715	52	1
754	73	1
511	404	1
518	711	1
477	260	1
560	568	1
540	185	1
725	781	1
465	708	1
430	465	1
790	10	1
643	749	1
634	674	1
511	46	1
513	759	1
313	486	1
170	441	1
194	653	1
263	709	1
426	684	1
12	683	1
199	637	1
256	19	1
559	493	1
174	510	1
547	96	1
196	82	1
469	663	1
660	631	1
275	677	1
402	359	1
494	332	1
425	593	1
725	720	1
245	465	1
111	489	1
41	513	1
722	153	1
153	127	1
725	252	1
709	82	1
730	700	1
359	402	1
416	113	1
199	741	1
790	775	1
593	343	1
10	790	1
249	489	1
599	473	1
430	75	1
732	607	1
506	142	1
660	473	1
340	115	1
533	256	1
75	101	1
19	752	1
75	412	1
224	480	1
13	178	1
575	643	1
163	684	1
19	426	1
735	725	1
223	672	1
115	43	1
153	266	1
774	99	1
255	725	1
196	232	1
622	470	1
363	250	1
115	472	1
573	734	1
759	462	1
134	631	1
73	300	1
637	568	1
213	275	1
752	45	1
109	21	1
777	143	1
90	278	1
441	573	1
564	127	1
213	23	1
625	127	1
148	715	1
99	774	1
462	404	1
800	93	1
674	634	1
567	115	1
329	46	1
148	163	1
187	533	1
497	10	1
480	78	1
170	717	1
99	225	1
579	555	1
265	412	1
272	510	1
565	9	1
15	701	1
416	709	1
236	446	1
608	255	1
573	361	1
197	570	1
740	638	1
62	13	1
559	780	1
13	631	1
396	142	1
96	435	1
147	785	1
385	465	1
578	55	1
134	180	1
690	230	1
249	46	1
506	10	1
167	603	1
643	593	1
236	332	1
573	187	1
426	126	1
466	802	1
638	387	1
332	119	1
490	518	1
462	15	1
570	777	1
402	570	1
702	426	1
134	37	1
264	305	1
48	462	1
790	49	1
362	738	1
113	115	1
310	695	1
5	518	1
7	806	1
266	492	1
747	150	1
250	674	1
567	756	1
806	738	1
788	105	1
241	332	1
494	14	1
663	652	1
631	134	1
578	14	1
547	143	1
305	264	1
16	496	1
197	778	1
398	336	1
582	495	1
573	639	1
568	766	1
498	196	1
7	121	1
137	490	1
322	54	1
32	197	1
473	386	1
236	746	1
113	302	1
169	108	1
802	76	1
577	674	1
775	451	1
294	9	1
157	754	1
49	457	1
623	603	1
603	216	1
694	689	1
166	696	1
685	188	1
540	148	1
319	25	1
451	775	1
286	281	1
7	630	1
18	193	1
431	631	1
402	160	1
143	426	1
591	642	1
465	426	1
453	756	1
472	559	1
547	443	1
805	366	1
481	746	1
718	591	1
652	663	1
619	147	1
250	466	1
412	805	1
270	273	1
465	75	1
457	148	1
256	788	1
593	394	1
296	790	1
565	299	1
617	630	1
745	768	1
266	15	1
142	630	1
432	795	1
396	369	1
492	683	1
255	409	1
679	619	1
402	469	1
459	652	1
122	148	1
7	739	1
801	761	1
586	778	1
652	73	1
37	167	1
709	573	1
83	565	1
163	73	1
513	333	1
469	145	1
290	206	1
441	330	1
211	688	1
285	329	1
330	506	1
198	767	1
469	796	1
771	255	1
644	631	1
224	240	1
188	795	1
167	267	1
641	346	1
652	170	1
637	612	1
653	255	1
267	396	1
178	148	1
250	427	1
272	714	1
142	267	1
75	465	1
68	113	1
294	61	1
335	286	1
392	480	1
636	150	1
711	761	1
62	224	1
400	615	1
75	430	1
774	806	1
385	573	1
59	578	1
711	134	1
473	65	1
780	738	1
126	674	1
62	49	1
2	607	1
536	489	1
387	139	1
480	295	1
37	428	1
225	99	1
103	511	1
768	804	1
472	481	1
643	775	1
625	560	1
691	805	1
241	81	1
295	738	1
702	294	1
777	570	1
778	197	1
725	58	1
432	777	1
469	508	1
235	265	1
607	186	1
197	637	1
536	465	1
560	21	1
778	84	1
267	75	1
113	253	1
780	253	1
301	617	1
766	466	1
588	725	1
37	169	1
275	434	1
457	141	1
194	190	1
690	795	1
249	409	1
426	652	1
90	127	1
436	554	1
236	772	1
790	679	1
52	715	1
441	340	1
286	335	1
119	777	1
762	275	1
322	26	1
250	495	1
89	496	1
439	429	1
237	578	1
15	322	1
147	422	1
717	718	1
663	630	1
561	263	1
443	108	1
790	457	1
63	273	1
340	612	1
256	225	1
806	694	1
15	113	1
518	335	1
757	397	1
480	540	1
134	580	1
637	18	1
305	777	1
396	160	1
763	591	1
108	432	1
630	115	1
631	99	1
150	777	1
136	40	1
119	320	1
467	470	1
660	50	1
749	607	1
146	308	1
570	761	1
732	405	1
630	313	1
460	84	1
83	550	1
12	428	1
93	385	1
75	186	1
772	236	1
387	6	1
578	322	1
61	50	1
122	115	1
486	752	1
603	374	1
654	96	1
674	185	1
225	301	1
740	527	1
523	604	1
396	579	1
250	101	1
294	702	1
126	426	1
432	439	1
511	148	1
385	93	1
422	250	1
688	211	1
597	312	1
746	607	1
641	428	1
142	197	1
73	143	1
254	771	1
759	266	1
6	313	1
23	777	1
685	518	1
173	711	1
194	35	1
451	518	1
270	643	1
626	435	1
805	412	1
402	523	1
311	583	1
75	710	1
518	430	1
479	523	1
777	224	1
40	103	1
203	690	1
432	489	1
270	103	1
695	706	1
662	750	1
630	617	1
187	113	1
206	143	1
771	254	1
778	666	1
781	244	1
674	46	1
275	457	1
168	578	1
170	362	1
578	127	1
141	170	1
428	12	1
265	694	1
340	267	1
801	783	1
213	766	1
143	198	1
783	637	1
805	666	1
241	236	1
153	232	1
6	314	1
173	637	1
335	142	1
513	694	1
695	255	1
790	108	1
630	186	1
577	46	1
170	652	1
774	250	1
637	76	1
98	6	1
362	404	1
215	26	1
164	725	1
145	525	1
385	62	1
224	695	1
498	42	1
81	82	1
752	777	1
119	113	1
291	689	1
81	465	1
683	768	1
757	265	1
334	641	1
154	43	1
249	436	1
752	664	1
180	465	1
479	23	1
699	567	1
332	236	1
480	730	1
759	170	1
153	710	1
267	329	1
631	55	1
73	10	1
617	434	1
516	55	1
147	121	1
735	536	1
465	720	1
168	362	1
565	83	1
804	714	1
608	768	1
369	396	1
147	307	1
497	711	1
441	790	1
426	717	1
480	568	1
465	353	1
176	599	1
465	266	1
593	163	1
255	738	1
148	492	1
314	6	1
336	722	1
630	40	1
460	510	1
690	160	1
7	480	1
753	426	1
200	566	1
733	756	1
510	386	1
683	451	1
488	10	1
153	250	1
471	108	1
84	780	1
409	491	1
588	46	1
711	497	1
527	740	1
491	409	1
681	249	1
147	126	1
440	244	1
738	295	1
170	37	1
725	224	1
643	575	1
469	119	1
734	573	1
383	108	1
663	768	1
559	105	1
10	439	1
636	199	1
466	766	1
806	548	1
777	432	1
75	113	1
55	624	1
479	772	1
62	642	1
176	439	1
267	576	1
741	662	1
15	486	1
96	766	1
497	479	1
479	352	1
465	689	1
50	256	1
772	790	1
215	767	1
790	113	1
361	335	1
224	749	1
443	134	1
762	578	1
263	805	1
711	383	1
108	720	1
402	766	1
511	32	1
167	631	1
778	101	1
10	446	1
404	105	1
575	75	1
578	683	1
255	656	1
108	431	1
383	561	1
683	416	1
404	138	1
577	232	1
84	778	1
376	396	1
637	185	1
547	122	1
255	684	1
604	121	1
752	338	1
625	36	1
164	416	1
588	629	1
75	199	1
790	153	1
295	352	1
426	465	1
153	319	1
688	798	1
263	198	1
143	518	1
627	185	1
148	457	1
386	322	1
425	338	1
99	725	1
335	302	1
690	436	1
187	768	1
363	81	1
491	36	1
129	492	1
185	255	1
115	720	1
683	223	1
332	49	1
170	422	1
153	486	1
462	24	1
588	198	1
301	230	1
804	768	1
179	396	1
624	122	1
510	174	1
15	738	1
519	774	1
134	443	1
353	52	1
262	360	1
495	321	1
304	37	1
747	459	1
105	788	1
343	593	1
2	75	1
664	506	1
294	149	1
725	735	1
143	474	1
305	631	1
15	101	1
674	21	1
741	394	1
637	105	1
307	62	1
741	37	1
266	759	1
40	115	1
666	715	1
719	583	1
631	186	1
335	420	1
652	426	1
416	642	1
412	486	1
451	270	1
329	145	1
568	681	1
163	335	1
607	711	1
167	762	1
295	385	1
153	754	1
725	418	1
191	143	1
266	153	1
547	469	1
732	451	1
136	577	1
513	136	1
434	774	1
236	49	1
571	126	1
555	216	1
701	153	1
206	290	1
98	804	1
136	335	1
643	583	1
710	457	1
604	254	1
235	318	1
493	559	1
495	768	1
775	153	1
11	51	1
119	46	1
302	762	1
321	710	1
103	255	1
749	766	1
126	36	1
695	781	1
735	352	1
790	320	1
506	340	1
5	489	1
116	567	1
119	805	1
778	683	1
156	75	1
465	241	1
489	643	1
753	510	1
790	307	1
26	215	1
46	249	1
178	725	1
419	147	1
730	275	1
804	459	1
733	443	1
273	50	1
660	570	1
778	136	1
81	330	1
157	767	1
137	256	1
126	523	1
787	2	1
273	195	1
19	108	1
441	15	1
722	136	1
638	758	1
27	547	1
301	523	1
638	379	1
603	439	1
396	143	1
250	299	1
213	416	1
663	374	1
422	170	1
45	752	1
119	469	1
361	126	1
308	200	1
660	37	1
255	195	1
540	301	1
718	162	1
578	762	1
153	362	1
398	18	1
139	206	1
752	681	1
696	166	1
237	612	1
641	472	1
738	362	1
685	305	1
492	788	1
725	746	1
607	698	1
139	654	1
263	753	1
305	607	1
235	300	1
73	473	1
54	213	1
708	294	1
720	465	1
475	631	1
612	711	1
578	412	1
523	126	1
115	335	1
465	234	1
798	718	1
759	497	1
783	554	1
70	510	1
677	739	1
436	330	1
96	5	1
352	330	1
386	473	1
759	513	1
118	801	1
637	783	1
32	353	1
550	169	1
163	185	1
806	7	1
607	2	1
59	309	1
444	265	1
267	256	1
52	777	1
148	178	1
739	113	1
81	241	1
758	725	1
46	412	1
195	121	1
250	136	1
148	310	1
607	78	1
683	163	1
761	711	1
446	232	1
790	475	1
101	436	1
9	76	1
32	511	1
472	641	1
61	221	1
491	249	1
404	378	1
359	45	1
372	249	1
333	127	1
361	533	1
615	266	1
127	625	1
661	777	1
495	582	1
167	37	1
578	771	1
225	489	1
578	185	1
338	255	1
122	560	1
50	139	1
213	717	1
750	637	1
530	300	1
255	267	1
250	422	1
331	363	1
593	604	1
402	559	1
674	139	1
338	142	1
746	236	1
14	332	1
109	103	1
513	36	1
683	623	1
225	256	1
65	308	1
633	513	1
798	763	1
583	643	1
394	741	1
344	264	1
513	633	1
338	32	1
113	682	1
311	267	1
58	725	1
185	196	1
523	253	1
134	283	1
250	363	1
362	153	1
783	681	1
435	96	1
491	143	1
348	780	1
593	113	1
495	250	1
497	105	1
153	778	1
264	344	1
488	663	1
126	361	1
54	730	1
419	75	1
554	185	1
518	451	1
24	462	1
559	263	1
588	26	1
430	404	1
677	643	1
658	139	1
509	795	1
19	136	1
275	319	1
185	627	1
167	256	1
387	630	1
10	487	1
658	434	1
103	679	1
396	179	1
199	115	1
492	255	1
19	249	1
570	266	1
439	335	1
550	402	1
631	108	1
78	788	1
686	233	1
233	567	1
301	362	1
431	108	1
658	480	1
472	115	1
805	170	1
37	304	1
494	147	1
385	685	1
775	518	1
694	527	1
267	250	1
768	93	1
52	169	1
199	330	1
273	23	1
185	674	1
366	788	1
720	115	1
573	335	1
702	295	1
405	429	1
311	26	1
416	761	1
199	806	1
457	790	1
169	796	1
685	166	1
480	518	1
570	78	1
763	798	1
233	255	1
160	73	1
696	566	1
90	262	1
148	368	1
757	190	1
698	646	1
631	720	1
176	73	1
446	788	1
302	213	1
368	630	1
75	634	1
631	431	1
62	307	1
618	566	1
103	40	1
694	190	1
677	222	1
681	366	1
114	473	1
459	805	1
36	625	1
654	198	1
322	631	1
253	780	1
641	83	1
329	766	1
788	139	1
348	32	1
439	300	1
573	441	1
78	759	1
103	270	1
547	793	1
785	6	1
307	147	1
805	203	1
153	54	1
766	753	1
518	735	1
367	735	1
6	446	1
796	469	1
466	285	1
619	225	1
105	497	1
487	113	1
255	771	1
699	547	1
119	240	1
652	683	1
37	777	1
710	75	1
329	425	1
75	374	1
276	583	1
196	508	1
409	52	1
347	746	1
52	409	1
486	58	1
252	153	1
714	489	1
664	243	1
332	494	1
480	495	1
81	103	1
683	652	1
682	684	1
249	115	1
121	806	1
75	730	1
488	127	1
489	714	1
434	560	1
310	103	1
570	402	1
300	73	1
637	805	1
121	604	1
430	139	1
404	249	1
141	236	1
309	224	1
419	301	1
294	380	1
115	122	1
685	495	1
777	150	1
725	99	1
374	115	1
193	741	1
267	346	1
267	225	1
694	136	1
788	50	1
36	149	1
591	312	1
479	497	1
114	459	1
404	462	1
113	187	1
599	176	1
583	719	1
677	518	1
714	272	1
643	321	1
113	766	1
50	788	1
683	576	1
722	336	1
82	691	1
322	271	1
489	120	1
126	103	1
332	738	1
683	778	1
488	795	1
631	312	1
694	262	1
142	664	1
345	248	1
473	749	1
663	559	1
374	663	1
301	479	1
322	510	1
766	749	1
233	583	1
98	436	1
735	392	1
571	714	1
564	683	1
340	746	1
567	654	1
222	148	1
147	301	1
115	759	1
187	137	1
396	149	1
780	559	1
805	561	1
96	626	1
167	434	1
631	73	1
795	432	1
338	752	1
427	250	1
265	235	1
637	173	1
267	142	1
141	681	1
143	206	1
674	10	1
717	213	1
700	115	1
777	717	1
281	286	1
580	134	1
54	235	1
265	527	1
186	250	1
510	491	1
738	301	1
781	713	1
39	547	1
267	473	1
603	348	1
767	383	1
198	46	1
255	540	1
626	96	1
555	778	1
555	465	1
582	709	1
404	790	1
441	516	1
688	515	1
446	194	1
12	696	1
436	265	1
353	32	1
102	62	1
681	783	1
145	329	1
506	664	1
694	121	1
568	637	1
346	641	1
435	518	1
361	573	1
186	630	1
6	224	1
99	222	1
778	338	1
523	800	1
330	199	1
490	577	1
255	451	1
790	127	1
443	733	1
26	303	1
118	404	1
446	99	1
137	187	1
322	199	1
488	631	1
573	630	1
696	625	1
642	62	1
577	523	1
62	255	1
544	362	1
250	749	1
473	599	1
503	227	1
774	434	1
332	353	1
498	633	1
10	714	1
136	513	1
319	275	1
412	265	1
286	232	1
43	115	1
630	368	1
788	167	1
735	382	1
738	332	1
21	560	1
206	462	1
741	193	1
523	402	1
46	119	1
436	249	1
75	267	1
40	332	1
462	206	1
554	439	1
148	434	1
631	167	1
725	302	1
690	192	1
185	451	1
340	441	1
361	385	1
753	725	1
698	768	1
36	367	1
2	301	1
481	783	1
465	536	1
790	434	1
139	788	1
49	236	1
322	386	1
488	465	1
384	119	1
2	698	1
84	416	1
15	236	1
153	656	1
426	43	1
392	578	1
338	185	1
547	439	1
486	394	1
58	806	1
73	631	1
780	84	1
126	147	1
761	801	1
444	250	1
547	260	1
250	652	1
141	32	1
21	213	1
256	533	1
756	323	1
142	396	1
335	163	1
197	788	1
335	573	1
366	46	1
523	194	1
560	625	1
432	235	1
213	559	1
566	696	1
36	659	1
533	187	1
518	490	1
134	105	1
305	506	1
305	630	1
178	265	1
143	526	1
457	307	1
664	362	1
78	203	1
213	441	1
119	485	1
582	230	1
98	758	1
270	82	1
627	46	1
494	428	1
97	296	1
578	35	1
513	224	1
301	275	1
250	774	1
472	597	1
696	42	1
577	527	1
683	176	1
714	486	1
691	630	1
170	305	1
322	43	1
213	253	1
710	725	1
677	270	1
267	472	1
715	666	1
148	617	1
717	573	1
150	636	1
262	90	1
266	105	1
35	578	1
508	196	1
256	15	1
40	236	1
185	338	1
739	426	1
677	313	1
766	113	1
543	396	1
14	742	1
142	559	1
434	617	1
254	126	1
642	591	1
437	113	1
681	568	1
793	547	1
630	305	1
795	509	1
121	112	1
230	690	1
213	21	1
432	607	1
752	489	1
677	466	1
806	577	1
19	763	1
573	160	1
186	674	1
637	750	1
335	93	1
83	428	1
695	338	1
49	332	1
432	153	1
13	489	1
14	457	1
118	654	1
36	491	1
718	203	1
223	683	1
404	23	1
153	222	1
510	668	1
451	449	1
451	20	1
52	683	1
255	492	1
312	465	1
738	780	1
426	346	1
136	795	1
709	759	1
469	19	1
73	416	1
492	148	1
439	362	1
185	637	1
99	631	1
262	204	1
78	570	1
451	255	1
768	683	1
767	198	1
164	630	1
127	578	1
459	367	1
96	547	1
775	439	1
7	2	1
265	58	1
489	372	1
805	459	1
21	418	1
664	352	1
426	15	1
335	518	1
607	749	1
302	335	1
412	46	1
506	305	1
566	459	1
186	75	1
608	136	1
160	402	1
383	767	1
352	266	1
480	54	1
704	667	1
523	113	1
83	147	1
284	683	1
660	26	1
10	488	1
273	340	1
241	322	1
299	565	1
446	147	1
428	641	1
139	50	1
333	59	1
380	115	1
660	602	1
121	195	1
489	547	1
560	329	1
523	738	1
540	560	1
446	695	1
750	428	1
254	433	1
643	489	1
607	503	1
235	511	1
166	763	1
560	147	1
305	335	1
134	463	1
465	81	1
160	513	1
629	432	1
607	73	1
194	523	1
740	465	1
577	593	1
372	75	1
619	163	1
179	323	1
142	430	1
58	486	1
531	426	1
630	21	1
61	294	1
576	465	1
84	460	1
301	653	1
674	105	1
361	111	1
582	198	1
536	122	1
185	396	1
494	134	1
756	733	1
186	631	1
631	14	1
479	301	1
249	372	1
322	15	1
340	338	1
404	752	1
141	516	1
73	652	1
141	674	1
81	363	1
668	510	1
593	805	1
486	714	1
141	332	1
327	612	1
329	285	1
754	157	1
772	332	1
627	780	1
631	225	1
711	329	1
624	6	1
750	145	1
492	129	1
145	359	1
105	637	1
576	185	1
23	573	1
192	717	1
429	262	1
267	570	1
198	311	1
623	498	1
143	777	1
142	335	1
49	527	1
379	780	1
26	588	1
426	105	1
742	14	1
66	400	1
338	340	1
286	623	1
270	677	1
588	301	1
19	465	1
718	39	1
153	186	1
320	619	1
506	330	1
362	439	1
805	119	1
111	575	1
250	241	1
294	708	1
465	180	1
153	566	1
513	475	1
15	256	1
127	90	1
516	141	1
115	642	1
115	249	1
777	785	1
683	90	1
762	167	1
466	677	1
78	480	1
236	245	1
626	301	1
169	52	1
404	385	1
725	540	1
778	555	1
715	480	1
425	329	1
362	248	1
804	23	1
294	338	1
148	250	1
147	419	1
75	142	1
75	725	1
225	619	1
262	495	1
10	169	1
213	473	1
768	608	1
785	777	1
465	245	1
61	747	1
113	416	1
495	480	1
578	564	1
387	638	1
404	430	1
725	169	1
250	267	1
323	179	1
142	387	1
643	250	1
224	418	1
702	6	1
651	362	1
708	36	1
263	559	1
267	101	1
604	593	1
203	332	1
805	263	1
163	674	1
718	717	1
43	65	1
409	756	1
15	777	1
360	262	1
638	121	1
305	443	1
270	695	1
309	12	1
199	322	1
593	425	1
243	664	1
555	42	1
459	804	1
578	329	1
236	40	1
9	66	1
139	674	1
451	749	1
783	481	1
198	195	1
145	469	1
625	696	1
735	429	1
75	788	1
766	768	1
762	653	1
32	700	1
725	178	1
356	510	1
527	49	1
430	518	1
554	113	1
718	286	1
115	199	1
295	6	1
278	90	1
631	680	1
689	52	1
176	65	1
674	141	1
627	426	1
469	170	1
489	593	1
273	119	1
255	148	1
510	356	1
630	319	1
245	236	1
674	163	1
658	185	1
248	576	1
801	118	1
711	607	1
735	389	1
561	383	1
114	465	1
459	733	1
5	14	1
615	400	1
527	265	1
113	796	1
567	699	1
197	759	1
255	608	1
435	715	1
185	540	1
113	15	1
494	75	1
294	36	1
169	250	1
462	48	1
465	199	1
412	439	1
52	353	1
37	660	1
262	251	1
559	472	1
46	674	1
472	607	1
15	396	1
643	121	1
754	153	1
115	518	1
61	606	1
428	576	1
725	98	1
747	61	1
105	394	1
255	103	1
14	385	1
23	213	1
695	224	1
236	771	1
348	603	1
547	119	1
2	591	1
441	213	1
426	387	1
465	785	1
465	740	1
335	753	1
768	495	1
19	167	1
701	7	1
756	567	1
26	649	1
26	322	1
800	523	1
433	567	1
746	347	1
434	338	1
624	494	1
787	170	1
470	312	1
153	432	1
134	711	1
266	241	1
196	677	1
547	663	1
624	739	1
435	68	1
303	198	1
36	475	1
19	389	1
316	660	1
523	366	1
374	75	1
303	398	1
213	754	1
518	193	1
435	245	1
681	141	1
771	194	1
475	513	1
42	555	1
353	332	1
225	631	1
338	101	1
121	275	1
301	588	1
286	477	1
641	783	1
513	114	1
566	153	1
661	170	1
157	793	1
462	759	1
319	415	1
232	196	1
749	55	1
198	498	1
753	335	1
271	322	1
728	462	1
241	266	1
612	367	1
392	735	1
50	660	1
193	18	1
465	650	1
319	630	1
468	329	1
73	754	1
735	62	1
348	300	1
758	739	1
394	593	1
712	428	1
68	305	1
418	725	1
704	580	1
555	579	1
330	441	1
593	479	1
663	547	1
335	136	1
459	566	1
302	725	1
581	763	1
654	163	1
250	624	1
489	275	1
108	169	1
40	153	1
560	385	1
735	245	1
322	777	1
666	805	1
121	694	1
54	409	1
451	276	1
235	54	1
739	571	1
36	378	1
348	233	1
55	213	1
683	436	1
305	68	1
19	353	1
335	115	1
446	82	1
196	683	1
486	270	1
253	113	1
73	160	1
103	394	1
495	52	1
333	185	1
98	725	1
741	199	1
796	169	1
763	166	1
446	630	1
198	654	1
577	490	1
234	795	1
418	153	1
312	630	1
577	62	1
256	570	1
139	138	1
766	367	1
234	465	1
473	114	1
805	593	1
20	52	1
494	103	1
573	469	1
631	169	1
99	488	1
463	134	1
568	662	1
273	270	1
275	555	1
607	746	1
138	404	1
21	718	1
578	669	1
722	790	1
797	626	1
153	701	1
709	134	1
394	496	1
267	578	1
497	759	1
805	691	1
679	787	1
222	113	1
626	797	1
122	624	1
335	361	1
485	119	1
305	465	1
65	473	1
273	658	1
185	720	1
37	607	1
174	741	1
631	305	1
26	311	1
652	108	1
636	105	1
272	352	1
554	436	1
666	778	1
439	204	1
21	674	1
9	294	1
49	719	1
